{
  "Уфа, Ленинский, Деловой центр, Россия": [
    54.7261409,
    55.947499
  ],
  "Уфа, Октябрьский, Академическая, Россия": [
    54.7261409,
    55.947499
  ],
  "Уфа, Кировский, Набережная, Россия": [
    54.7123438,
    55.9588538
  ],
  "Уфа, Демский, Загородная, Россия": [
    54.7261409,
    55.947499
  ],
  "Уфа, Ленинский, Центральная, Россия": [
    54.7261409,
    55.947499
  ],
  "Уфа, Советский, Богдановская, Россия": [
    54.7261409,
    55.947499
  ],
  "Уфа, Орджоникидзевский, Лесная, Россия": [
    54.7261409,
    55.947499
  ],
  "Уфа, Калининский, Домодедовская, Россия": [
    54.7261409,
    55.947499
  ],
  "Уфа, Советский, Молодежная, Россия": [
    54.7261409,
    55.947499
  ],
  "Уфа, Орджоникидзевский, Спортивная, Россия": [
    54.7261409,
    55.947499
  ],
  "Уфа, Калининский, Парк Горького, Россия": [
    54.7261409,
    55.947499
  ],
  "Уфа, Октябрьский, Аэропорт, Россия": [
    54.7261409,
    55.947499
  ],
  "Уфа, Кировский, Речной порт, Россия": [
    54.7261409,
    55.947499
  ],
  "Уфа, Демский, Лесная, Россия": [
    54.7261409,
    55.947499
  ],
  "Уфа, Октябрьский, ул. Комсомольская, Россия": [
    54.7599505,
    56.0194582
  ],
  "Уфа, Советский, ул. Ленина, Россия": [
    54.7397031,
    55.9571831
  ],
  "Уфа, Дёмский, ул. Республики, Россия": [
    54.6975557,
    55.8611828
  ],
  "Уфа, Октябрьский, ул. Республики, Россия": [
    54.7901858,
    56.0616009
  ],
  "Уфа, Октябрьский, ул. Ленина, Россия": [
    54.7261409,
    55.947499
  ],
  "Уфа, Кировский, ул. Комсомольская, Россия": [
    54.7261409,
    55.947499
  ],
  "Уфа, Кировский, пр. Салавата, Россия": [
    54.7261409,
    55.947499
  ],
  "Уфа, Советский, ул. Комсомольская, Россия": [
    54.746737,
    56.000944
  ],
  "Уфа, Советский, ул. Республики, Россия": [
    54.7397031,
    55.9571831
  ],
  "Уфа, Дёмский, ул. Комсомольская, Россия": [
    54.7261409,
    55.947499
  ],
  "Уфа, Дёмский, ул. Ленина, Россия": [
    54.7261409,
    55.947499
  ],
  "Уфа, Кировский, ул. Ленина, Россия": [
    54.7248106,
    55.9455698
  ]
}